step,mrr,ap,hits@10,model,last_loss
200,0.05974866379344343,0.05974866379344343,0.045,graphmixer,0.7046987414360046
400,0.19658537167896772,0.19658537167896772,0.205,graphmixer,0.25404122471809387
600,0.22266427923455975,0.22266427923455975,0.235,graphmixer,0.7692192196846008
800,0.2957314575298706,0.2957314575298706,0.31,graphmixer,0.23593902587890625
1000,0.22675680067422288,0.22675680067422288,0.29,graphmixer,0.13197652995586395
1200,0.17668786679263992,0.17668786679263992,0.185,graphmixer,0.7196620106697083
1400,0.19057033784308847,0.19057033784308847,0.22,graphmixer,0.11259215325117111
1600,0.27967609697487883,0.27967609697487883,0.31,graphmixer,0.2010631263256073
1800,0.22938150492125392,0.22938150492125392,0.255,graphmixer,0.28629070520401
2000,0.23307683878422375,0.23307683878422375,0.28,graphmixer,0.7274383306503296
2200,0.23920801586206517,0.23920801586206517,0.295,graphmixer,0.15047752857208252
2400,0.1805552514219171,0.1805552514219171,0.205,graphmixer,0.276943564414978
2600,0.2928326166160727,0.2928326166160727,0.375,graphmixer,0.7326796650886536
2800,0.2621210703565644,0.2621210703565644,0.33,graphmixer,0.26798710227012634
3000,0.23721674680279492,0.23721674680279492,0.28,graphmixer,0.8686415553092957
3200,0.23610482520958762,0.23610482520958762,0.295,graphmixer,0.7168641686439514
3400,0.2170777636680649,0.2170777636680649,0.28,graphmixer,0.7606234550476074
3600,0.1954926581744126,0.1954926581744126,0.275,graphmixer,0.45517924427986145
3800,0.23652296390581143,0.23652296390581143,0.305,graphmixer,0.39369964599609375
4000,0.29479957648731914,0.29479957648731914,0.355,graphmixer,1.1001702547073364
4200,0.25677378128022627,0.25677378128022627,0.32,graphmixer,0.12156423926353455
4400,0.27696480499880954,0.27696480499880954,0.35,graphmixer,0.17236056923866272
4600,0.24447569146465326,0.24447569146465326,0.33,graphmixer,0.8339619040489197
4800,0.23249072524571296,0.23249072524571296,0.315,graphmixer,0.2560204863548279
5000,0.22935351099171772,0.22935351099171772,0.295,graphmixer,0.3325954079627991
5200,0.26059473485273055,0.26059473485273055,0.365,graphmixer,0.36754679679870605
5400,0.18719931926356537,0.18719931926356537,0.25,graphmixer,0.583350658416748
5600,0.21967291342057876,0.21967291342057876,0.33,graphmixer,0.405354380607605
5800,0.2402480079255249,0.2402480079255249,0.295,graphmixer,0.23593538999557495
6000,0.26864555662428735,0.26864555662428735,0.35,graphmixer,0.3078237771987915
6200,0.2233279495307185,0.2233279495307185,0.29,graphmixer,0.8207881450653076
6400,0.25297183700697684,0.25297183700697684,0.35,graphmixer,0.8026008009910583
6600,0.2425077345809573,0.2425077345809573,0.325,graphmixer,0.7833644151687622
6800,0.21422343799544324,0.21422343799544324,0.31,graphmixer,0.7935581207275391
7000,0.3261316999927598,0.3261316999927598,0.41,graphmixer,0.9215970039367676
7200,0.2508029855529996,0.2508029855529996,0.345,graphmixer,0.34901705384254456
7400,0.2839843011304071,0.2839843011304071,0.375,graphmixer,0.9576169848442078
7600,0.31632511588333456,0.31632511588333456,0.435,graphmixer,0.18270474672317505
7800,0.29398304017872123,0.29398304017872123,0.385,graphmixer,0.8219195604324341
8000,0.29239676197279507,0.29239676197279507,0.42,graphmixer,0.8717446327209473
8200,0.2651538579883636,0.2651538579883636,0.37,graphmixer,0.27213144302368164
8400,0.273617430763733,0.273617430763733,0.38,graphmixer,0.8452571034431458
8600,0.3146219661147877,0.3146219661147877,0.43,graphmixer,0.3754757344722748
8800,0.3024121797529424,0.3024121797529424,0.43,graphmixer,0.8992366790771484
9000,0.22073390480719393,0.22073390480719393,0.335,graphmixer,0.3472229540348053
9200,0.24236574104204445,0.24236574104204445,0.39,graphmixer,0.8328195810317993
9400,0.2677469160987832,0.2677469160987832,0.37,graphmixer,0.8067194819450378
9600,0.21018518404928002,0.21018518404928002,0.315,graphmixer,0.27667471766471863
9800,0.2863575730489705,0.2863575730489705,0.415,graphmixer,0.7324442267417908
10000,0.27012388963395906,0.27012388963395906,0.43,graphmixer,0.2804526686668396
10200,0.30839780135722783,0.30839780135722783,0.4,graphmixer,0.4667939841747284
10400,0.26376043273552974,0.26376043273552974,0.41,graphmixer,1.0500489473342896
10600,0.26884739712762096,0.26884739712762096,0.38,graphmixer,0.8676204085350037
10800,0.24898080127036504,0.24898080127036504,0.4,graphmixer,0.5399240255355835
11000,0.31555644847851494,0.31555644847851494,0.445,graphmixer,0.3797706365585327
11200,0.2937247316244577,0.2937247316244577,0.49,graphmixer,0.35312575101852417
11400,0.22494005505415038,0.22494005505415038,0.315,graphmixer,0.5787826776504517
11600,0.2786817965678874,0.2786817965678874,0.405,graphmixer,0.8145742416381836
11800,0.26246289204520784,0.26246289204520784,0.4,graphmixer,0.8378340601921082
12000,0.2638784941464216,0.2638784941464216,0.415,graphmixer,0.2680816054344177
12200,0.25703849446163535,0.25703849446163535,0.435,graphmixer,0.8676979541778564
12400,0.33018202481869396,0.33018202481869396,0.5,graphmixer,0.4365115165710449
12600,0.27106375364193225,0.27106375364193225,0.405,graphmixer,0.4195219576358795
12800,0.30585485562722775,0.30585485562722775,0.415,graphmixer,0.8397611379623413
13000,0.2726040581209908,0.2726040581209908,0.41,graphmixer,0.9012522101402283
13200,0.23616136893079184,0.23616136893079184,0.365,graphmixer,0.7778874039649963
13400,0.2454855165649333,0.2454855165649333,0.39,graphmixer,0.38147225975990295
13600,0.2704179802345278,0.2704179802345278,0.345,graphmixer,0.7372630834579468
13800,0.19134998295743738,0.19134998295743738,0.31,graphmixer,0.7827954292297363
14000,0.21727135675832732,0.21727135675832732,0.375,graphmixer,0.8110816478729248
14200,0.21035038486212113,0.21035038486212113,0.3,graphmixer,0.3096793591976166
14400,0.253814889497988,0.253814889497988,0.43,graphmixer,0.5032801628112793
14600,0.21164869692760185,0.21164869692760185,0.36,graphmixer,0.8040205240249634
14800,0.2743450234966458,0.2743450234966458,0.41,graphmixer,0.7223365306854248
15000,0.2246834191743757,0.2246834191743757,0.355,graphmixer,0.8295899629592896
15200,0.21036665149994033,0.21036665149994033,0.34,graphmixer,0.7354698181152344
15400,0.2146820605370329,0.2146820605370329,0.335,graphmixer,0.6207627654075623
15600,0.21373193581281555,0.21373193581281555,0.37,graphmixer,0.47779223322868347
15800,0.22436668012404476,0.22436668012404476,0.36,graphmixer,0.8256164193153381
16000,0.28623920570494277,0.28623920570494277,0.405,graphmixer,0.8144271373748779
16200,0.2566880118226227,0.2566880118226227,0.43,graphmixer,0.8086032271385193
16400,0.2548783071462757,0.2548783071462757,0.46,graphmixer,0.8637765049934387
16600,0.2527123058995766,0.2527123058995766,0.39,graphmixer,0.8631953001022339
16800,0.25224499877256673,0.25224499877256673,0.38,graphmixer,0.8387135863304138
17000,0.25708929679289677,0.25708929679289677,0.39,graphmixer,0.29311397671699524
17200,0.20239354846600133,0.20239354846600133,0.36,graphmixer,0.8179770708084106
17400,0.30469929532275336,0.30469929532275336,0.485,graphmixer,0.28086763620376587
17600,0.2495627711506643,0.2495627711506643,0.43,graphmixer,0.44289278984069824
17800,0.23127463174356439,0.23127463174356439,0.37,graphmixer,0.4647217392921448
18000,0.24160127877247178,0.24160127877247178,0.395,graphmixer,0.46193060278892517
18200,0.2810283601363188,0.2810283601363188,0.39,graphmixer,0.8077964782714844
18400,0.28370516473616725,0.28370516473616725,0.455,graphmixer,0.4842482805252075
18600,0.2869098447365656,0.2869098447365656,0.435,graphmixer,0.39875033497810364
18800,0.24696553298224821,0.24696553298224821,0.375,graphmixer,0.4070965051651001
19000,0.32442307059182424,0.32442307059182424,0.45,graphmixer,0.3207530975341797
19200,0.2625617627180529,0.2625617627180529,0.4,graphmixer,0.8193829655647278
19400,0.17461303309277476,0.17461303309277476,0.295,graphmixer,0.9294017553329468
19600,0.22452741252921687,0.22452741252921687,0.35,graphmixer,0.800076961517334
19800,0.17842456300090853,0.17842456300090853,0.335,graphmixer,0.8059925436973572
20000,0.17881589815352444,0.17881589815352444,0.345,graphmixer,0.36678457260131836
20200,0.22255751062798268,0.22255751062798268,0.45,graphmixer,0.33137694001197815
20400,0.2522786197246409,0.2522786197246409,0.4,graphmixer,0.4268741309642792
20600,0.2548569229318809,0.2548569229318809,0.415,graphmixer,0.8281270265579224
20800,0.2677435389170248,0.2677435389170248,0.43,graphmixer,0.8446944952011108
21000,0.26977012920239246,0.26977012920239246,0.38,graphmixer,0.43208107352256775
21200,0.29439764337773483,0.29439764337773483,0.495,graphmixer,0.8364024758338928
21400,0.19401500180168318,0.19401500180168318,0.33,graphmixer,0.548140823841095
21600,0.2722005455096968,0.2722005455096968,0.45,graphmixer,0.843725323677063
21800,0.2992886256013667,0.2992886256013667,0.435,graphmixer,0.8408159017562866
22000,0.2750548999224133,0.2750548999224133,0.4,graphmixer,0.4955359101295471
22200,0.2483648016271202,0.2483648016271202,0.34,graphmixer,0.4248299300670624
22400,0.25031218352421275,0.25031218352421275,0.39,graphmixer,0.5622437596321106
22600,0.23840632574465526,0.23840632574465526,0.39,graphmixer,0.8047201037406921
22800,0.21784710342799107,0.21784710342799107,0.345,graphmixer,0.6014895439147949
23000,0.22818386412088626,0.22818386412088626,0.33,graphmixer,0.35244911909103394
23200,0.2309664096510644,0.2309664096510644,0.385,graphmixer,0.34038084745407104
23400,0.18736166643036573,0.18736166643036573,0.32,graphmixer,0.7674530148506165
23600,0.1766695495730488,0.1766695495730488,0.3,graphmixer,0.46595853567123413
23800,0.24247007107984164,0.24247007107984164,0.385,graphmixer,0.5532928705215454
24000,0.20382426306239146,0.20382426306239146,0.32,graphmixer,0.6786463260650635
24200,0.2007791349384672,0.2007791349384672,0.325,graphmixer,0.7826074361801147
24400,0.27546653786573755,0.27546653786573755,0.425,graphmixer,0.4316151738166809
24600,0.19409179776921143,0.19409179776921143,0.345,graphmixer,0.8428950309753418
24800,0.21254160869295938,0.21254160869295938,0.36,graphmixer,0.31147390604019165
25000,0.24957072230066468,0.24957072230066468,0.385,graphmixer,0.5293161273002625
25200,0.25324778402932585,0.25324778402932585,0.415,graphmixer,0.8030117750167847
25400,0.24603736603552137,0.24603736603552137,0.39,graphmixer,0.591806173324585
25600,0.2692982186848748,0.2692982186848748,0.405,graphmixer,0.7014989852905273
25800,0.21357847572851152,0.21357847572851152,0.405,graphmixer,0.2442038208246231
26000,0.2439144354694976,0.2439144354694976,0.405,graphmixer,0.34687867760658264
26200,0.22808494872339158,0.22808494872339158,0.445,graphmixer,0.9413420557975769
26400,0.21409168247910035,0.21409168247910035,0.37,graphmixer,0.44498729705810547
26600,0.23131677868076983,0.23131677868076983,0.44,graphmixer,0.5261218547821045
26800,0.25785317745920655,0.25785317745920655,0.42,graphmixer,0.37802669405937195
27000,0.25398128008973986,0.25398128008973986,0.465,graphmixer,0.8432665467262268
27200,0.32354962555465383,0.32354962555465383,0.5,graphmixer,0.4696805477142334
27400,0.204257761640716,0.204257761640716,0.37,graphmixer,0.8296502232551575
27600,0.26184798650044555,0.26184798650044555,0.425,graphmixer,0.520622193813324
27800,0.21531018078432415,0.21531018078432415,0.39,graphmixer,0.4191801846027374
28000,0.2317650398269942,0.2317650398269942,0.36,graphmixer,0.48765745759010315
28200,0.2370280391206844,0.2370280391206844,0.375,graphmixer,0.6873326897621155
28400,0.23812521817568552,0.23812521817568552,0.42,graphmixer,0.7956331968307495
28600,0.19949852905103288,0.19949852905103288,0.365,graphmixer,0.7565699219703674
28800,0.20937901301027473,0.20937901301027473,0.35,graphmixer,0.4951052963733673
29000,0.23026832174338485,0.23026832174338485,0.395,graphmixer,0.5833842158317566
29200,0.27817164695172064,0.27817164695172064,0.395,graphmixer,0.8652932047843933
29400,0.2250463895443597,0.2250463895443597,0.4,graphmixer,0.35802000761032104
29600,0.20701322638538927,0.20701322638538927,0.385,graphmixer,0.7841434478759766
29800,0.1893129878788202,0.1893129878788202,0.305,graphmixer,0.6310080289840698
30000,0.19582293143918936,0.19582293143918936,0.3,graphmixer,0.7660706639289856
30200,0.1754282536450831,0.1754282536450831,0.295,graphmixer,0.7233270406723022
30400,0.19371949727396726,0.19371949727396726,0.31,graphmixer,0.5135310292243958
30600,0.20932083825527636,0.20932083825527636,0.355,graphmixer,0.28196555376052856
30800,0.16092867568576769,0.16092867568576769,0.285,graphmixer,0.7733104825019836
31000,0.19780872941285277,0.19780872941285277,0.31,graphmixer,0.47468340396881104
31200,0.17244664611802402,0.17244664611802402,0.32,graphmixer,0.7404752969741821
31400,0.19418386177087704,0.19418386177087704,0.355,graphmixer,0.7662467360496521
31600,0.2158419856422748,0.2158419856422748,0.365,graphmixer,0.776494026184082
31800,0.22280900438567788,0.22280900438567788,0.365,graphmixer,0.8156066536903381
32000,0.2149827516611072,0.2149827516611072,0.38,graphmixer,0.4542957544326782
32200,0.23166888689042614,0.23166888689042614,0.38,graphmixer,0.8270944952964783
32400,0.23828295770608984,0.23828295770608984,0.41,graphmixer,0.4846125543117523
32600,0.19441428637321848,0.19441428637321848,0.41,graphmixer,0.8143972158432007
32800,0.2561015061898222,0.2561015061898222,0.45,graphmixer,0.48368725180625916
33000,0.2843194559187058,0.2843194559187058,0.44,graphmixer,0.42475154995918274
33200,0.1873829871895607,0.1873829871895607,0.32,graphmixer,0.8697155117988586
33400,0.2624589524027184,0.2624589524027184,0.445,graphmixer,0.5792959928512573
33600,0.17255713639395473,0.17255713639395473,0.325,graphmixer,0.8101074695587158
33800,0.2129901631628228,0.2129901631628228,0.36,graphmixer,0.7998073101043701
34000,0.24391270929027592,0.24391270929027592,0.455,graphmixer,0.7776429653167725
34200,0.2337830562466566,0.2337830562466566,0.395,graphmixer,0.8150544762611389
34400,0.26483679857779285,0.26483679857779285,0.42,graphmixer,0.8194306492805481
34600,0.24139992140719485,0.24139992140719485,0.415,graphmixer,0.754938542842865
34800,0.21767651701578783,0.21767651701578783,0.355,graphmixer,0.6580148339271545
35000,0.24582712420786382,0.24582712420786382,0.45,graphmixer,0.8574349880218506
35200,0.222112066347564,0.222112066347564,0.39,graphmixer,0.7736209034919739
35400,0.19848702131560716,0.19848702131560716,0.335,graphmixer,0.7656657695770264
35600,0.22319027903826283,0.22319027903826283,0.355,graphmixer,0.7982869148254395
35800,0.25788023461133497,0.25788023461133497,0.435,graphmixer,0.48606377840042114
36000,0.20393213975380475,0.20393213975380475,0.375,graphmixer,0.3541368544101715
36200,0.17019577290939314,0.17019577290939314,0.28,graphmixer,0.814159631729126
36400,0.20524828739238643,0.20524828739238643,0.32,graphmixer,0.6500733494758606
36600,0.20598793882999836,0.20598793882999836,0.36,graphmixer,0.7869189381599426
36800,0.1637281762266871,0.1637281762266871,0.295,graphmixer,0.7476791143417358
37000,0.1842635533664669,0.1842635533664669,0.33,graphmixer,0.49719855189323425
37200,0.21626991357871142,0.21626991357871142,0.35,graphmixer,0.42923086881637573
37400,0.22125041612814733,0.22125041612814733,0.365,graphmixer,0.7844111919403076
37600,0.21396737420412962,0.21396737420412962,0.355,graphmixer,0.8243089914321899
37800,0.19085884915505458,0.19085884915505458,0.305,graphmixer,0.5022193193435669
38000,0.21648153710337867,0.21648153710337867,0.325,graphmixer,0.5826299786567688
38200,0.22569567749880576,0.22569567749880576,0.37,graphmixer,0.4932585656642914
38400,0.19764054672626608,0.19764054672626608,0.325,graphmixer,0.38752442598342896
38600,0.2893376482297993,0.2893376482297993,0.49,graphmixer,0.38851624727249146
38800,0.2543814101844206,0.2543814101844206,0.415,graphmixer,0.5094662308692932
39000,0.22652506929323263,0.22652506929323263,0.38,graphmixer,0.7912379503250122
39200,0.22267362291539297,0.22267362291539297,0.38,graphmixer,0.6297565698623657
39400,0.24015846624624124,0.24015846624624124,0.4,graphmixer,0.4807310998439789
39600,0.20681014514578913,0.20681014514578913,0.39,graphmixer,0.8490190505981445
39800,0.20769775412343205,0.20769775412343205,0.385,graphmixer,0.5258073210716248
40000,0.16618239076848568,0.16618239076848568,0.33,graphmixer,0.49488338828086853
40200,0.16734234001976855,0.16734234001976855,0.33,graphmixer,0.46329325437545776
40400,0.178595736468092,0.178595736468092,0.33,graphmixer,0.507655143737793
40600,0.16052996282300455,0.16052996282300455,0.29,graphmixer,0.6083517074584961
40800,0.1613235335914274,0.1613235335914274,0.275,graphmixer,0.7337924838066101
41000,0.16784500786435802,0.16784500786435802,0.36,graphmixer,0.5319676995277405
41200,0.1457597588379584,0.1457597588379584,0.265,graphmixer,0.760303258895874
41400,0.15612342450353758,0.15612342450353758,0.295,graphmixer,0.7485327124595642
41600,0.190398175509013,0.190398175509013,0.315,graphmixer,0.7815264463424683
41800,0.2481456896161116,0.2481456896161116,0.375,graphmixer,0.5399026274681091
42000,0.1607968413651008,0.1607968413651008,0.33,graphmixer,0.5690687894821167
42200,0.22016029721763034,0.22016029721763034,0.355,graphmixer,0.8798425793647766
42400,0.22927540074192088,0.22927540074192088,0.41,graphmixer,0.7875826358795166
42600,0.17503674355798934,0.17503674355798934,0.305,graphmixer,0.5988073348999023
42800,0.19875875373353963,0.19875875373353963,0.34,graphmixer,0.580254852771759
43000,0.23694183649541728,0.23694183649541728,0.37,graphmixer,0.8527547717094421
43200,0.21666017442362026,0.21666017442362026,0.385,graphmixer,0.8941969275474548
43400,0.20394482165746744,0.20394482165746744,0.335,graphmixer,0.7886730432510376
43600,0.2301197542893985,0.2301197542893985,0.425,graphmixer,0.42761945724487305
43800,0.1923099689676238,0.1923099689676238,0.39,graphmixer,0.7957687377929688
44000,0.2286098033323351,0.2286098033323351,0.37,graphmixer,0.41406893730163574
44200,0.19272647937313675,0.19272647937313675,0.34,graphmixer,0.8159160017967224
44400,0.2158948759791836,0.2158948759791836,0.415,graphmixer,0.881023645401001
44600,0.23355792237723594,0.23355792237723594,0.425,graphmixer,0.9561170935630798
44800,0.20272756588371024,0.20272756588371024,0.36,graphmixer,0.7666618227958679
45000,0.15682856346898563,0.15682856346898563,0.33,graphmixer,0.6016095280647278
45200,0.15110146943579605,0.15110146943579605,0.315,graphmixer,0.5827632546424866
45400,0.13331726000789137,0.13331726000789137,0.275,graphmixer,0.6005260944366455
45600,0.15869281878350763,0.15869281878350763,0.32,graphmixer,0.5271337032318115
45800,0.1258551890160348,0.1258551890160348,0.26,graphmixer,0.7662906050682068
46000,0.19234853367492272,0.19234853367492272,0.36,graphmixer,0.7531681060791016
46200,0.17589115345129105,0.17589115345129105,0.28,graphmixer,0.7281209230422974
46400,0.09090648649402451,0.09090648649402451,0.19,graphmixer,0.6137973070144653
46600,0.10514463092075525,0.10514463092075525,0.195,graphmixer,0.6853361129760742
46800,0.1379617604191303,0.1379617604191303,0.255,graphmixer,0.8193934559822083
47000,0.11759688001646548,0.11759688001646548,0.26,graphmixer,0.7050559520721436
47200,0.14541722401847898,0.14541722401847898,0.25,graphmixer,0.7208850979804993
47400,0.12862162479740247,0.12862162479740247,0.28,graphmixer,0.9130698442459106
47600,0.18237034848157155,0.18237034848157155,0.355,graphmixer,0.7264731526374817
47800,0.18803362360622422,0.18803362360622422,0.33,graphmixer,0.6059520244598389
48000,0.1950941560227524,0.1950941560227524,0.32,graphmixer,0.7099918723106384
48200,0.1535563656431816,0.1535563656431816,0.285,graphmixer,0.6059272289276123
48400,0.17039451247733312,0.17039451247733312,0.315,graphmixer,0.7464291453361511
48600,0.1847722704970552,0.1847722704970552,0.405,graphmixer,0.5644006133079529
48800,0.2427669592136194,0.2427669592136194,0.405,graphmixer,0.7601779699325562
49000,0.18821176537104506,0.18821176537104506,0.355,graphmixer,0.9100378155708313
49200,0.20434642057958488,0.20434642057958488,0.365,graphmixer,0.5219533443450928
49400,0.2066476112628955,0.2066476112628955,0.365,graphmixer,0.5304179191589355
49600,0.23371090520091442,0.23371090520091442,0.38,graphmixer,0.6078359484672546
49800,0.17619386888556632,0.17619386888556632,0.32,graphmixer,0.3765220046043396
50000,0.16359982254017755,0.16359982254017755,0.305,graphmixer,0.8074969053268433
