step,phase,mrr,ap,hits@10,ndcg@10,deploy_hit@topk,gTE_gap,gCal_max,gCal_max_all,bound_gTE_gap,bound_gCal_max,eps_r0,pmin_gb,beta_r0,eps_r_delta,pmin_g,beta_r_delta,eps_r0_kernel,eps_r_delta_kernel,audit_n_active,audit_beta_t,audit_total_samples,audit_step_scale,audit_step_eff,cov_enabled,cov_eps,cov_pool_frac,cov_min_share_present,cov_max_deficit_present,pd_enabled,lambda_te,lambda_cal,rho_te,rho_cal,pd_cal_gate_open,pd_gte_soft,pd_gcal_soft,pd_v_te,pd_v_cal,pd_shift_abs_mean,pd_shift_abs_max,pd_shift_nonzero,last_loss,mem_norm_mean,n_groups_seen,w_pos_max,w_pos_min
100,pre,0.05079534737929114,0.05079534737929114,0.07,0.04538061274140282,0.02,0.0,0.020095179457752427,0.020095179457752427,0.47848055881050744,0.23415729407709474,0.01004758972887626,0.5,0.10703105730967111,0.01869969221082507,0.5,0.10092044749180179,0.020245459620305314,0.037302292719995085,2,0.01220825158015992,20100,1.0,0.25,1.0,0.1,0.0,0.5357663545663444,0.0,1.0,0.0,0.0,0.2,0.2,1.0,0.0,0.018152317701535973,-0.2,-0.18184768229846404,0.0,0.0,0.0,0.6931471824645996,0.0008140271529555321,2.0,1.0,1.0
200,pre,0.08435825076334862,0.08435825076334862,0.095,0.07593429742129673,0.055,0.0,0.019999999999999997,0.019999999999999997,0.32332651629847814,0.17136477284246887,0.02000000000000001,1.0,0.15136477284246885,0.018940192585571176,1.0,0.1427230655636679,0.020121659670627515,0.019055405465150235,2,0.007060155444539783,60100,1.0,0.25,1.0,0.1,0.0,0.5036143387731684,0.0,1.0,0.0,0.0,0.2,0.2,1.0,0.0,0.017370689525808884,-0.2,-0.18262931047419112,0.0,0.0,0.0,0.6931471824645996,0.0015120881143957376,2.0,1.0,1.0
300,pre,0.11858112590230428,0.11858112590230428,0.12666666666666668,0.11026549581657906,0.08333333333333333,0.0,0.02141051580063739,0.02141051580063739,0.3730048077016213,0.17277528864310623,0.021410515800637374,1.0,0.15136477284246885,0.04377933828714276,1.0,0.1427230655636679,0.021599957285151287,0.04415152966527747,2,0.005470593691748612,100100,1.0,0.25,1.0,0.1,0.0,0.5185778877503396,0.0,1.0,0.0,0.0,0.2,0.2,1.0,0.0,0.01859577112801488,-0.2,-0.18140422887198512,0.0,0.0,0.0,0.6924492120742798,0.0021100060548633337,2.0,1.0,1.0
400,pre,0.1517164854858169,0.1517164854858169,0.1625,0.1446012282503057,0.1175,0.3230830859276945,0.2611348733131049,0.2611348733131049,2.5944010687780787,1.38300141472699,0.20890789865048312,0.2,0.06769238429491488,0.19561241156630374,0.2,0.06382769531150415,0.22162392431504124,0.19465814067705148,2,0.004624155515281404,140100,1.0,0.25,1.0,0.1,0.0,0.4394167414690354,0.0,1.0,0.010813713552813672,0.0,0.2,0.2,0.0,0.3036986979673349,0.24457875428750367,0.10369869796733489,0.04457875428750366,0.0,0.0,0.0,0.6954757571220398,0.002653408097103238,2.0,1.0,1.0
500,pre,0.1630515684143281,0.1630515684143281,0.174,0.15597840722899942,0.13,0.023470929938955047,0.02,0.331658273935318,0.5116996663315684,0.23073926289029717,0.013333333333333123,0.3308457711442786,0.06300577603086967,0.027016830195798796,0.3333333333333333,0.05826644752612926,0.020940562153861756,0.03260070271121378,3,0.004078445306964272,180100,1.0,0.25,1.0,0.1,0.0,0.45120708372961527,0.0,1.0,0.0,0.0,0.2,0.2,1.0,0.022178658308427128,0.01881457321396455,-0.17782134169157288,-0.18118542678603547,0.0,0.0,0.0,0.6931471824645996,0.0032677261624485254,2.0,1.0,1.0
600,deploy,0.22493875898207333,0.22493875898207333,0.25,0.2225414237686116,0.18,0.0,0.019999999999999997,0.019999999999999997,0.332499453585111,0.17136477284246887,0.02000000000000001,1.0,0.15136477284246885,0.0235266612288876,1.0,0.1427230655636679,0.0201410047556745,0.02369252978480838,3,0.003868293896551793,200200,1.0,0.25,1.0,0.1,0.0,0.4499654466026432,0.0,1.0,0.0,0.0,0.2,0.2,1.0,0.0,0.017370689525808884,-0.2,-0.18262931047419112,0.0,0.0,0.0,0.6931471824645996,0.003783423686400056,2.0,1.0,1.0
700,deploy,0.2641394116295935,0.2641394116295935,0.305,0.26628017536950077,0.21,0.0,0.022374531342148837,0.022374531342148837,0.22222775711332535,0.11147815431284609,0.022374531342148535,1.0,0.08910362297069756,0.02871267823391041,1.0,0.08240120032275226,0.022401185982966622,0.02890768212886439,4,0.003531547057493673,240200,1.0,0.25,1.0,0.1,0.0,0.31391600645836,0.0,1.0,0.0,0.0,0.18500000000000003,0.18500000000000003,1.0,0.0,0.020543987615355516,-0.18500000000000003,-0.16445601238464452,0.0,0.0,0.0,0.6954956650733948,0.004285677336156368,2.0,1.0,1.0
800,deploy,0.2775334489488009,0.2775334489488009,0.32,0.2802689715419422,0.21666666666666667,0.0,0.02023564039039429,0.02023564039039429,0.22778914105258447,0.13110783186468444,0.020235640390394088,1.0,0.11087219147429035,0.01297412303449044,1.0,0.10092044749180179,0.02039648808647664,0.013025741112900153,4,0.003269771722116655,280200,1.0,0.25,1.0,0.1,0.0,0.377230820549326,0.0,1.0,0.0,0.0,0.17000000000000004,0.17000000000000004,1.0,0.0,0.01821599329400678,-0.17000000000000004,-0.15178400670599326,0.0,0.0,0.0,0.692987859249115,0.004787689074873924,2.0,1.0,1.0
900,deploy,0.25501378416334264,0.25501378416334264,0.2925,0.25565091117119604,0.2,0.0,0.019999999999999997,0.019999999999999997,0.31546409667182246,0.13087219147429013,0.019999999999999796,1.0,0.11087219147429035,0.056811600844109446,1.0,0.10092044749180179,0.02018954046002308,0.05735018995155652,4,0.003058727835207809,320200,1.0,0.25,1.0,0.1,0.0,0.4500504964556035,0.0,1.0,0.0,0.0,0.15499999999999997,0.15499999999999997,1.0,0.0,0.018003871330559695,-0.15499999999999997,-0.13699612866944028,0.0,0.0,0.0,0.6931471824645996,0.00528307631611824,2.0,1.0,1.0
1000,deploy,0.24908954626022742,0.24908954626022742,0.284,0.24935374548695713,0.2,0.0,0.019999999999999997,0.019999999999999997,0.32311280370803475,0.17679695687296806,0.02000000000000001,1.0,0.15679695687296805,0.018833336290349483,1.0,0.1427230655636679,0.020171559132193807,0.01899488783186376,4,0.002883896333252887,360200,1.0,0.25,1.0,0.1,0.0,0.4135192515285727,0.0,1.0,0.0,0.0,0.14,0.14,1.0,0.0,0.017289118787158313,-0.14,-0.1227108812128417,0.0,0.0,0.0,0.6931471824645996,0.005781077779829502,2.0,1.0,1.0
1100,post,0.1324279912663315,0.1324279912663315,0.16,0.12835626997505747,0.07,0.009652448604647569,0.019999999999999997,0.019999999999999997,0.6013566155267195,0.31158029577616636,0.013333333333333197,0.3333333333333333,0.09052676525872225,0.017824902265034324,0.3333333333333333,0.08240120032275226,0.020135926035573095,0.02365145074575144,4,0.002806650507667521,380300,1.0,0.25,1.0,0.1,0.0,0.3235086545750462,0.0,1.0,0.0,0.0,0.125,0.125,1.0,0.008917625554895342,0.018339760780887476,-0.11608237444510466,-0.10666023921911252,0.0,0.0,0.0,0.6931471824645996,0.006345415022224188,2.0,1.0,1.0
1200,post,0.12550190233955985,0.12550190233955985,0.15,0.12200044161056935,0.065,0.008982154499448686,0.019999999999999997,0.019999999999999997,0.6314434924543814,0.3152251131600049,0.013333333333333197,0.3333333333333333,0.09174170438666843,0.02283938175297797,0.3333333333333333,0.08240120032275226,0.02014860257304194,0.031463243056577536,5,0.0026697574315224116,420300,1.0,0.25,1.0,0.1,0.0,0.42321935485372586,0.0,1.0,0.0,0.0,0.11000000000000001,0.11000000000000001,1.0,0.008298359699499937,0.018319351472641448,-0.10170164030050008,-0.09168064852735856,0.0,0.0,0.0,0.6931471824645996,0.006915124133229256,2.0,1.0,1.0
1300,post,0.1357976027501022,0.1357976027501022,0.17,0.13502209928092138,0.07666666666666666,0.003771182058545713,0.4959825878510623,0.4959825878510623,0.5286108389964016,0.7632934567631542,0.16532752928368719,0.3333333333333333,0.08910362297069756,0.005700606176648005,0.3333333333333333,0.08240120032275226,0.18499916451726495,0.007432260650099927,5,0.0025511207291926304,460300,1.0,0.25,1.0,0.1,0.0,0.5128008941305505,0.0,1.0,0.0,0.04560929167816226,0.095,0.095,1.0,0.0034840889472602353,0.4554044054120337,-0.09151591105273976,0.36040440541203367,0.0,0.0,0.0,0.6931471824645996,0.007552172522991896,2.0,1.0,1.0
1400,post,0.1496104803289332,0.1496104803289332,0.1925,0.15089290574258565,0.0875,0.014076299075780143,0.49652685386266354,0.49652685386266354,0.7592624815581522,0.9073992929546256,0.1115576041518623,0.19900497512437812,0.06901936957045127,0.012098552844311085,0.2,0.06382769531150415,0.2079127790062694,0.012376985866188309,5,0.0024470128369122983,500300,1.4560929167816226,0.36402322919540564,1.0,0.1,0.0,0.13566030762401465,0.0,1.0,0.0,0.10372098441002976,0.08,0.08,1.0,0.013231747150236015,0.4644694642550544,-0.06676825284976398,0.3844694642550544,0.0,0.0,0.0,0.6931008100509644,0.008052032440900803,2.0,1.0,1.0
1500,post,0.15808316191536034,0.15808316191536034,0.204,0.16036091264867755,0.098,0.006166921871994635,0.019999999999999997,0.019999999999999997,0.4600615163292276,0.24472036388059082,0.010000000000000005,0.5,0.1123601819402954,0.014094931590505103,0.5,0.10092044749180179,0.020141042747447352,0.0249996432459605,6,0.002354691495850988,540300,2.037209844100298,0.5093024610250745,1.0,0.1,0.0,0.44289710183459113,0.0,1.0,0.0,0.07459433760125841,0.065,0.065,1.0,0.005601605353088474,0.01797978777441844,-0.05939839464691153,-0.04702021222558156,0.0,0.0,0.0,0.6931471824645996,0.008593413978815079,2.0,1.0,1.0
1600,post,0.17475620839558315,0.17475620839558315,0.22166666666666668,0.17776287625078774,0.11166666666666666,0.0,0.4838442224291418,0.4838442224291418,0.7558559757807066,0.5947164139034312,0.4838442224291408,1.0,0.11087219147429035,0.2770075403985515,1.0,0.10092044749180179,0.5073081866262971,0.29035499607520254,6,0.002272088344385108,580300,1.7459433760125842,0.43648584400314605,1.0,0.1,0.0,0.14310085985845003,0.0,1.0,0.0,0.13969349360874214,0.05,0.05,1.0,0.0,0.43555345623244884,-0.05,0.38555345623244885,0.0,0.0,0.0,0.698510468006134,0.009109110571444035,2.0,1.0,1.0
1700,post,0.17597330515558474,0.17597330515558474,0.22285714285714286,0.17902258299107965,0.11285714285714285,0.0,0.019999999999999997,0.019999999999999997,0.38398009531123006,0.17890129317067427,0.02000000000000001,1.0,0.15890129317067425,0.04926698209194713,1.0,0.1427230655636679,0.02017719202269904,0.04970346790240454,6,0.0021976099285266797,620300,2.3969349360874217,0.5992337340218554,1.0,0.1,0.0,0.5141281140793025,0.0,1.0,0.0,0.1204786579039664,0.05,0.05,1.0,0.0,0.017257725155592304,-0.05,-0.0327422748444077,0.0,0.0,0.0,0.6931471824645996,0.009640074335038662,2.0,1.0,1.0
1800,post,0.1696718515781901,0.1696718515781901,0.21375,0.1720160923275946,0.11,0.18820115127157463,0.4457494701756896,0.4457494701756896,0.618210266434204,0.673799138574594,0.22286327008686582,0.4975124378109453,0.1123601819402954,0.05363211911674919,0.5,0.10092044749180179,0.4470282561138481,0.01292972147797217,6,0.002130006115988426,660300,2.204786579039664,0.551196644759916,1.0,0.1,0.0,0.486504557519594,0.0,1.0,0.0,0.1204786579039664,0.05,0.05,0.0,0.1709489107049909,0.40072404371591813,0.1209489107049909,0.35072404371591814,0.0,0.0,0.0,0.6931938529014587,0.010188470594584942,2.0,1.0,1.0
1900,post,0.16844662668056243,0.16844662668056243,0.2111111111111111,0.17042009005433648,0.11222222222222222,0.0009523670355933184,0.390451306334312,0.390451306334312,0.5364285581430643,0.6205539754578521,0.1950768074003064,0.4975124378109453,0.11365651372300309,0.0331866920439643,0.5,0.10092044749180179,0.21486746386900124,0.06625978674870575,6,0.0020682804929612153,700300,1.0,0.25,1.0,0.1,0.0,0.47112892901376663,0.0,1.0,0.0,0.17394493551923967,0.05,0.05,1.0,0.0008650643538895761,0.3506029925053067,-0.04913493564611043,0.3006029925053067,0.0,0.0,0.0,0.6925423741340637,0.010742252692580223,2.0,1.0,1.0
2000,post,0.1770444012434561,0.1770444012434561,0.221,0.17940171416744705,0.121,0.226557216445744,0.021183488071074626,0.021183488071074626,0.7094218655597849,0.16999922880364857,0.012104850326328177,0.42857142857142855,0.060751962018092624,0.09807472292934935,0.42857142857142855,0.053944248262033125,0.021093245331173852,0.07387988404833515,6,0.0020116277796502473,740300,2.739449355192397,0.6848623387980992,1.0,0.1,0.0,0.4115492972107519,0.0,1.0,0.0,0.17394493551923967,0.05,0.05,0.0,0.21496129118721374,0.0199702558464024,0.16496129118721375,-0.030029744153597604,0.0,0.0,0.0,0.6931471824645996,0.011215968988835812,2.0,1.0,1.0
2100,post,0.1740930329082834,0.1740930329082834,0.21636363636363637,0.1758543413105339,0.12,0.715720646836871,0.4627442344484656,0.4627442344484656,1.9270145596751314,0.7871165624605109,0.1153704926306351,0.24751243781094528,0.07945064658533713,0.16951528717755748,0.25,0.07136153278183395,0.13610880011616996,0.15146873981907794,6,0.0019593891355172196,780300,1.0,0.25,1.0,0.1,0.9900497512437811,0.08661491509269638,0.013385084907303627,1.0,0.09951422299170146,0.17394493551923967,0.05,0.05,0.0,0.6680477363962033,0.4286849388735651,0.6180477363962033,0.37868493887356514,0.0,0.0,0.0,0.6937355995178223,0.01173464860767126,2.0,1.0,1.0
2200,post,0.17965443788482463,0.17965443788482463,0.22166666666666668,0.18145268534963635,0.12583333333333332,0.15192129536211432,0.33755977831539224,0.5991091533983156,1.4036353028099149,1.1015018828936325,0.14440406393822275,0.19701492537313434,0.07260824731843321,0.07653583496948735,0.2,0.06382769531150415,0.15480342807222405,0.07259964038348525,7,0.001911019608701627,820300,1.0,0.25,1.0,0.1,0.009950248756218905,0.07673930129184346,0.023260698708156544,1.0,0.09583628436442043,0.17394493551923967,0.05,0.05,0.0,0.14280629845571896,0.3147092884651094,0.09280629845571896,0.26470928846510944,0.005249383124336844,0.005249383124336844,1.0,0.6933282613754272,0.012202576734125614,2.0,1.0,1.0
2300,post,0.17607278952671088,0.17607278952671088,0.21846153846153846,0.17789368514299367,0.12230769230769231,0.0,0.39016016453736435,0.39016016453736435,0.33303320848447104,0.709203214545017,0.1436009166600085,0.3333333333333333,0.0928001548549972,0.08411540391948326,1.0,0.08240120032275226,0.15013732325041,0.09277152373119088,7,0.0018660640131731856,860300,1.0,0.25,1.0,0.1,0.0,0.3324290765163633,0.0,1.0,0.0625970860459956,0.2348367566859384,0.05,0.05,1.0,0.0,0.35702791842039444,-0.05,0.30702791842039445,0.012365724186000675,0.012365724186000673,1.0,0.6935444474220276,0.012756671756505966,2.0,1.0,1.0
2400,post,0.17424915471661823,0.17424915471661823,0.21571428571428572,0.17584349098271904,0.12142857142857143,0.026420036479777025,0.43634396796813774,0.43634396796813774,0.8682931767571035,0.9461556257808869,0.07376111960087155,0.1414356787491116,0.060059043533738615,0.0700976341318388,0.2857142857142857,0.053944248262033125,0.08203578843887543,0.10865573505380786,7,0.0018241387705732678,900300,3.348367566859384,0.837091891714846,1.0,0.1,1.0,0.0814080265901706,0.018591973409829404,1.0,0.033872798060954806,0.3138799056335893,0.05,0.05,1.0,0.02506777424265466,0.4116223248410504,-0.02493222575734534,0.3616223248410504,0.00010621188131015391,0.00010621188131015395,1.0,0.6933857798576355,0.013259855099022388,2.0,1.0,1.0
2500,post,0.18152967500445974,0.18152967500445974,0.22666666666666666,0.18422896745994968,0.126,0.2450324909027789,0.30090520720490826,0.30090520720490826,2.4294410769200496,0.9617862638409725,0.2140441133650424,0.2857142857142857,0.060751962018092624,0.29311876272654536,0.2857142857142857,0.053944248262033125,0.2308364711666121,0.3513752883855302,7,0.0017849180486050572,940300,4.138799056335893,1.0346997640839732,1.0,0.1,0.0,0.3938297708065702,0.0,1.0,0.050282962427483945,0.3138799056335893,0.05,0.05,0.0,0.23249094181864027,0.2836716008824841,0.18249094181864028,0.23367160088248412,0.003785080220091527,0.003785080220091528,1.0,0.6932104825973511,0.013690621592104435,2.0,1.0,1.0
2600,post,0.17991300006134558,0.17991300006134558,0.22375,0.18222190812944308,0.124375,0.31696047289189083,0.3577151154017959,0.3577151154017959,0.9810544339742157,0.639280289873168,0.11923310878452784,0.33167495854063017,0.0928001548549972,0.08110787200628368,0.3333333333333333,0.08240120032275226,0.13840674749589393,0.03907241974072595,7,0.0017481230439639233,980300,1.0,0.25,1.0,0.1,0.0,0.40799142921912335,0.0,1.0,0.0836177273327949,0.3138799056335893,0.05,0.05,0.0,0.2928308586477722,0.3273380899632658,0.2428308586477722,0.2773380899632658,0.007926503717748513,0.007926503717748513,1.0,0.6931471824645996,0.014273373410105705,2.0,1.0,1.0
2700,post,0.18424576752501423,0.18424576752501423,0.22705882352941176,0.18637684207561048,0.1288235294117647,0.00022228453181355603,0.019999999999999997,0.019999999999999997,0.4829523337486541,0.24960743843906197,0.010000000000000005,0.5,0.11480371921953098,0.019817635945361727,0.5,0.10092044749180179,0.020153063170199683,0.03942724341635971,7,0.0017135136001041344,1020300,1.0,0.25,1.0,0.1,0.0,0.3487287636669935,0.0,1.0,0.05743074024579074,0.3135454727496243,0.05,0.05,1.0,0.0002019078965423715,0.017940377893609742,-0.049798092103457633,-0.03205962210639026,1.1447970244831469e-05,1.1447970244831469e-05,1.0,0.6931471824645996,0.014706946909427643,2.0,1.0,1.0
2800,post,0.18298815609084926,0.18298815609084926,0.2238888888888889,0.18461383034191256,0.1288888888888889,0.05410923442572624,0.4860780208973418,0.5126371213418869,0.36715854024757566,1.2710428868612438,0.0751301449919857,0.09950248756218906,0.051341784048934073,0.04665663887962053,0.5,0.04513299618227339,0.13711891744419605,0.06761827944730482,7,0.0016808815815558807,1060300,4.135454727496243,1.0338636818740607,1.0,0.1,0.9950248756218906,0.06046719897392607,0.039532801026073934,1.0,0.04159333976261227,0.3135454727496243,0.05,0.05,0.0,0.051772582650609834,0.46234062820689487,0.0017725826506098316,0.4123406282068949,0.001565210214472619,0.0015652102144726187,1.0,0.7001667022705078,0.01526426151394844,2.0,1.0,1.0
2900,post,0.18023139362163823,0.18023139362163823,0.22105263157894736,0.18184980418604033,0.12736842105263158,0.0,0.16252110663935432,0.16252110663935432,0.1662612215476098,0.2562579508598861,0.16252110663935243,1.0,0.09373684422053372,0.0007294104510526437,1.0,0.08240120032275226,0.16930730791554127,0.011789785505958479,8,0.0016500455857128508,1100300,1.0,0.25,1.0,0.1,0.0,0.36447082403343734,0.0,1.0,0.014401422749311832,0.34131331722657793,0.05,0.05,1.0,0.0,0.1485925133620027,-0.05,0.09859251336200268,0.001630413267757473,0.001630413267757473,1.0,0.6931471824645996,0.015767648816108704,2.0,1.0,1.0
3000,post,0.18232574481198627,0.18232574481198627,0.2255,0.1845977061795257,0.1285,0.051408714920912056,0.4935348269648435,0.5213042338742238,0.3339574287459284,1.3256077843944651,0.061950127354950445,0.08208955223880597,0.04686842211026686,0.028373864160692288,0.4166666666666667,0.04120060016137613,0.11384350517133654,0.029036010498235603,8,0.00162084668429854,1140300,4.413133172265779,1.1032832930664447,1.0,0.1,0.0,0.32615543904853034,0.0,1.0,0.0,0.4420792862968535,0.05,0.05,1.0,0.04937445763375876,0.4714392148441931,-0.0006255423662412454,0.4214392148441931,0.0003325624033093656,0.0003325624033093656,1.0,0.6931471824645996,0.016222910955548286,2.0,1.0,1.0
3100,post,0.18124103685105042,0.18124103685105042,0.22476190476190477,0.18362332047610527,0.12761904761904763,0.3346869226335476,0.45251290925596466,0.45251290925596466,1.0316619292654667,1.426328386494724,0.12057577130948403,0.12437810945273632,0.056828256861501544,0.14297638799137413,0.375,0.050460223745900895,0.1682376073339441,0.17093603947506467,8,0.001593144965657953,1180300,5.420792862968535,1.3551982157421338,1.0,0.1,0.0,0.16970727504976818,0.0,1.0,0.041889728314860104,0.4420792862968535,0.05,0.05,0.0,0.3186098007976607,0.4281801762187997,0.2686098007976607,0.37818017621879974,0.0,0.0,0.0,0.6938926577568054,0.016682656481862068,2.0,1.0,1.0
3200,post,0.1783079808759178,0.1783079808759178,0.22090909090909092,0.18041199892208004,0.12545454545454546,0.25756184002666493,0.25715446801886244,0.26448949295112745,0.8474146920463927,0.5693572018076134,0.09237691972393415,0.3283582089552239,0.09457619131737174,0.05883458168497987,0.3333333333333333,0.08240120032275226,0.10322777012818775,0.027621261244838168,8,0.0015668167057730342,1220300,1.0,0.25,1.0,0.1,0.0,0.4674728275808414,0.0,1.0,0.07140740590207914,0.4420792862968535,0.05,0.05,0.0,0.23795413378132313,0.2349351923225787,0.18795413378132314,0.1849351923225787,0.01074760998642913,0.010747609986429131,1.0,0.6931471824645996,0.017198508605360985,2.0,1.0,1.0
3300,post,0.18107516133346732,0.18107516133346732,0.22478260869565217,0.18348493449892408,0.12782608695652173,0.0014069048413607827,0.02017308717107873,0.4979362899695119,0.9986765815803429,0.1716674651485352,0.012206601628389421,0.42857142857142855,0.06136516914955423,0.16005787636232607,0.42857142857142855,0.053944248262033125,0.021138139141782402,0.2878308305856709,8,0.0015417520372117562,1260300,1.0,0.25,1.0,0.1,0.0,0.3369153691751089,0.0,1.0,0.052627933619272815,0.45173889423568053,0.05,0.05,1.0,0.001334894937451185,0.019006735624500403,-0.04866510506254882,-0.0309932643754996,5.500949842921835e-05,5.500949842921837e-05,1.0,0.6931471824645996,0.017645448446273804,2.0,1.0,1.0
3400,post,0.18050857035337778,0.18050857035337778,0.225,0.18310971290865208,0.12666666666666668,0.0011543056657054174,0.4354662078669178,0.44513967721379244,0.6899548421296375,0.8432157406289837,0.09508241599513852,0.19800995024875623,0.0718826908557747,0.07416327311442336,0.4,0.06382769531150415,0.15242985950757748,0.12600409563470247,8,0.0015178530156418214,1300300,5.517388942356805,1.3793472355892014,1.0,0.1,1.0,0.09239723427450199,0.00760276572549802,1.0,0.03282019323004692,0.5459750007299353,0.05,0.05,1.0,0.0010850494594121466,0.40626293491058074,-0.04891495054058786,0.35626293491058075,5.396751685443679e-05,5.3967516854436786e-05,1.0,0.6934593915939331,0.018148822709918022,2.0,1.0,1.0
3500,post,0.18049003900698032,0.18049003900698032,0.2248,0.18300802207003658,0.1268,0.0,0.02006280733944125,0.02006280733944125,0.25253892568580816,0.10124129570500767,0.020062807339440943,1.0,0.08117848836556674,0.054907930061070136,1.0,0.07136153278183395,0.0202988864967688,0.05550185506919189,8,0.0014950320061826606,1340300,6.459750007299354,1.6149375018248384,1.0,0.1,0.0,0.46161156982866064,0.0,1.0,0.011795442948938601,0.5620409337031015,0.05,0.05,1.0,0.0,0.018556424822852784,-0.05,-0.031443575177147215,0.0033140365694407916,0.0033140365694407916,1.0,0.6931471824645996,0.018643846735358238,2.0,1.0,1.0
3600,post,0.17846647335046978,0.17846647335046978,0.22230769230769232,0.18076216816377472,0.12538461538461537,0.029213732082734967,0.019999999999999997,0.019999999999999997,0.9401341189905822,0.32121053266160077,0.013333333333333197,0.3333333333333333,0.09373684422053372,0.07428781950901142,0.3333333333333333,0.08240120032275226,0.0202530311970422,0.10185671627885275,8,0.0014732103288918577,1380300,6.620409337031015,1.6551023342577538,1.0,0.1,0.0,0.3452200064272855,0.0,1.0,0.0,0.5774184872426301,0.05,0.05,1.0,0.026989744721295547,0.018285934231513673,-0.023010255278704456,-0.03171406576848633,1.1506983263379474e-06,1.1506983263379472e-06,1.0,0.6931471824645996,0.01914922706782818,2.0,1.0,1.0
3700,post,0.1787654673550451,0.1787654673550451,0.2225925925925926,0.18103573539071863,0.12666666666666668,0.17715274357455416,0.3357020058314512,0.3357020058314512,0.474021556404755,0.6803206738220979,0.06426190354724003,0.16334991708126037,0.04686842211026686,0.057553890756281166,0.4166666666666667,0.04120060016137613,0.10165796766964842,0.0380218469878604,8,0.001452317115599232,1420300,6.774184872426301,1.6935462181065752,1.0,0.1,1.0,0.08003613108401868,0.019963868915981328,1.0,0.014946451760375882,0.5774184872426301,0.05,0.05,0.0,0.17014275975935586,0.3206725876349833,0.12014275975935586,0.2706725876349833,0.0,0.0,0.0,0.6939020156860352,0.019627954810857773,2.0,1.0,1.0
3800,post,0.17992311465255761,0.17992311465255761,0.225,0.1825064831438032,0.1275,0.0,0.0591135626089291,0.3401297201111547,0.16292726903965932,0.12040347021148247,0.05948035898200182,0.9985785358919688,0.060751962018092624,0.027519386257796527,1.0,0.053944248262033125,0.0614500483736617,0.030242023334650373,8,0.0014322883401896626,1460300,1.0,0.25,1.0,0.1,0.0,0.39979691498564435,0.0,1.0,0.0,0.6003990092215671,0.05,0.05,1.0,0.0,0.05572797857141352,-0.05,0.005727978571413515,0.0010471445571381772,0.001047144557138177,1.0,0.6942229866981506,0.02011485956609249,2.0,1.0,1.0
3900,post,0.1813054322320069,0.1813054322320069,0.22758620689655173,0.18419877002134846,0.1279310344827586,0.3192464241760347,0.02077161351305389,0.20159879349511128,1.2088689735221785,0.4459306365305343,0.016416012298032592,0.19800995024875623,0.0718826908557747,0.0570592020407137,0.2,0.06382769531150415,0.021097461931329737,0.029364384268489002,8,0.0014130659920670397,1500300,7.003990092215671,1.7509975230539176,1.0,0.1,0.0,0.4677118045522178,0.0,1.0,0.04493819015088205,0.6003990092215671,0.05,0.05,0.0,0.3000922288289879,0.01937862574912013,0.2500922288289879,-0.030621374250879872,0.0,0.0,0.0,0.693637490272522,0.020534444600343704,2.0,1.0,1.0
4000,post,0.1826266622380345,0.1826266622380345,0.23,0.1858335218414001,0.12833333333333333,0.0,0.02008878074129514,0.02008878074129514,0.17212191124691983,0.11382562496182858,0.020088780741294866,1.0,0.09373684422053372,0.0036597553007076547,1.0,0.08240120032275226,0.02035834730592854,0.003701475608669192,8,0.0013945973684669826,1540300,1.0,0.25,1.0,0.1,0.0,0.4739193599824867,0.0,1.0,0.028857934535966516,0.6152746988439141,0.05,0.05,1.0,0.0,0.018367106171331075,-0.05,-0.03163289382866893,0.004192376051938824,0.004192376051938823,1.0,0.6931471824645996,0.020932355895638466,2.0,1.0,1.0
